Name,Location,Description,Category,BestSeason to Visit,Timings,Rating,Reviews,Price,Keywords,url
Alleppey Backwaters,Alappuzha,"Known as the 'Venice of the East,' famous for houseboat cruises along the scenic backwaters.",Natural / Waterway,November to February,Open 24 hours,4.7,Beautiful and serene experience.; A must-visit for nature lovers.,"Houseboat rentals range from ₹5000 to ₹15,000 per night.",,https://www.keralatourism.org/images/destination/mobile/ponmudi_hill_station_thiruvananthapuram20131128115532_243_1.jpg
Munnar,Idukki,"A hill station known for its tea gardens, lush greenery, and picturesque landscapes.",Hill Station / Nature,September to March,Open 24 hours,4.8,Perfect place for a peaceful retreat.; Stunning views and pleasant weather.,"Entry is free; accommodation varies from ₹1500 to ₹10,000 per night.",,
Fort Kochi,Kochi,"A historical neighborhood with colonial architecture, Chinese fishing nets, and cultural influences.",Historical / Cultural,October to March,Open 24 hours; specific sites may vary,4.6,Rich in history and culture.; Great place to explore on foot.,Entry is free; some museums and sites may charge a nominal fee.,,
Periyar Wildlife Sanctuary,Thekkady,"A renowned wildlife reserve offering elephant and tiger sightings, boating, and trekking.",Wildlife / Adventure,October to February,6:00 AM to 6:00 PM,4.5,Amazing wildlife experience.; Well-maintained sanctuary.,"₹500 per adult (foreign tourists), ₹200 per adult (Indian tourists); additional charges for activities.",,
Varkala Beach,Varkala,"A stunning cliff beach known for its natural spring, clean sands, and Ayurvedic treatments.",Beach / Relaxation,October to March,Open 24 hours,4.6,Breathtaking views and clean beach.; Ideal for relaxation and rejuvenation.,Entry is free; activities like paragliding and surfing may incur costs.,,
Athirappilly Waterfalls,Thrissur,"Often called the 'Niagara of India,' this is the largest waterfall in Kerala.",Natural / Waterfall,September to January,8:00 AM to 6:00 PM,4.7,Spectacular waterfall.; Must-visit during monsoon.,₹30 per adult; parking and other amenities may cost extra.,,
Kovalam Beach,Kovalam,"Famous for its crescent-shaped beaches and lighthouse, popular for swimming and sunbathing.",Beach / Leisure,November to February,Open 24 hours,4.5,Great for a family outing.; Beautiful and clean beach.,Entry is free; water sports and other activities may have charges.,,
Wayanad,Wayanad District,"Known for its spice plantations, wildlife, waterfalls, and prehistoric caves.",Nature / Adventure,October to May,Open 24 hours,4.6,A nature lover's paradise.; Perfect for adventure seekers.,Entry is free; costs may vary for different activities and accommodations.,,
Bekal Fort,Kasaragod,"A well-preserved fort overlooking the Arabian Sea, famous for its scenic views and historical significance.",Historical / Cultural,October to March,8:00 AM to 5:30 PM,4.5,Stunning views from the fort.; Rich historical importance.,₹20 per adult; additional charges for guided tours.,,
Silent Valley National Park,Palakkad,A pristine stretch of tropical rainforest with rich biodiversity and a haven for wildlife enthusiasts.,Wildlife / Nature,November to February,6:00 AM to 6:00 PM,4.6,Unspoiled natural beauty.; Ideal for wildlife lovers.,₹50 per adult; additional charges for guided treks.,,
Vagamon,Idukki,"A hill station with lush green meadows, tea gardens, and a serene environment, perfect for trekking and paragliding.",Hill Station / Adventure,September to May,Open 24 hours,4.5,Beautiful landscapes and peaceful surroundings.; Great place for adventure sports.,Entry is free; costs vary for activities and accommodations.,,
Thrissur Pooram,Thrissur,"One of the most vibrant and spectacular temple festivals in Kerala, known for its colorful processions and fireworks.",Cultural / Festival,April to May,Festival timing,4.8,A visual and cultural treat.; A must-experience festival.,Free to attend; additional charges for certain viewing areas.,,
Padmanabhaswamy Temple,Thiruvananthapuram,"A historic temple dedicated to Lord Vishnu, famous for its intricate architecture and immense wealth.",Religious / Cultural,October to March,3:30 AM to 7:20 PM,4.7,Stunning temple architecture.; Spiritually enriching experience.,Free entry; donations accepted.,,
Kerala Folklore Museum,Kochi,"A museum showcasing Kerala's rich cultural heritage through artifacts, costumes, and performances.",Cultural / Educational,October to March,9:00 AM to 6:00 PM,4.5,Informative and interesting exhibits.; Great place to learn about Kerala's culture.,₹100 per adult.,,
Chembra Peak,Wayanad,"The highest peak in Wayanad, known for its heart-shaped lake and panoramic views, ideal for trekking.",Nature / Adventure,September to February,7:00 AM to 5:00 PM,4.6,Breathtaking views from the top.; Challenging but rewarding trek.,₹750 per 10 people for trekking.,,
Kumarakom Bird Sanctuary,Kumarakom,"A paradise for bird watchers, located on the banks of Vembanad Lake and home to many migratory birds.",Nature / Wildlife,November to February,6:30 AM to 5:00 PM,4.5,Great spot for bird watching.; Peaceful and scenic location.,₹50 per adult.,,
Poovar Island,Thiruvananthapuram,"A beautiful island near the Neyyar River estuary, known for its golden sand beaches and serene backwaters.",Beach / Nature,October to March,Open 24 hours,4.4,Serene and less crowded beach.; Perfect for a quiet getaway.,Boat rides range from ₹1000 to ₹3000.,,
Meenmutty Waterfalls,Wayanad,"A three-tiered waterfall located in the lush greenery of Wayanad, ideal for trekking and nature lovers.",Nature / Waterfall,September to February,9:00 AM to 5:30 PM,4.5,Beautiful waterfall in a natural setting.; Worth the trek.,₹30 per adult.,,
Ponmudi,Thiruvananthapuram,"A scenic hill station with winding pathways and lush green surroundings, perfect for trekking and nature walks.",Hill Station / Nature,November to March,Open 24 hours,4.5,Beautiful hill station with stunning views.; Great for a day trip.,₹50 per adult; accommodation costs vary.,,
Mattancherry Palace,Kochi,"Also known as the Dutch Palace, this museum showcases Kerala's history through murals and artifacts.",Historical / Cultural,October to March,10:00 AM to 5:00 PM,4.4,Well-preserved historical site.; Fascinating exhibits.,₹5 per adult.,,
Marari Beach,Alappuzha,"A quiet and pristine beach, ideal for relaxing and enjoying the natural beauty of Kerala's coastline.",Beach / Leisure,October to March,Open 24 hours,4.5,Clean and serene beach.; Perfect for a peaceful retreat.,Entry is free; costs may vary for beachside activities.,,
Anamudi Peak,Idukki,"The highest peak in South India, located in the Eravikulam National Park, popular for trekking and wildlife.",Nature / Adventure,September to May,8:00 AM to 4:00 PM,4.7,Stunning views from the summit.; Challenging but worth it trek.,"₹125 per adult (Indian), ₹420 per adult (foreigner).",,
Edakkal Caves,Wayanad,"Ancient caves with Neolithic petroglyphs, offering a glimpse into prehistoric life.",Historical / Adventure,September to May,9:30 AM to 4:30 PM,4.5,Fascinating ancient carvings.; Great for history buffs and adventure seekers.,₹20 per adult.,,
Nelliampathy,Palakkad,"A picturesque hill station with lush tea and coffee plantations, ideal for trekking and nature walks.",Hill Station / Nature,September to February,Open 24 hours,4.5,Beautiful scenery and peaceful environment.; Great for a relaxing getaway.,Entry is free; accommodation costs vary.,,
Sree Padmanabhaswamy Temple,Thiruvananthapuram,An iconic temple known for its Dravidian style architecture and immense treasures.,Religious / Cultural,October to February,3:30 AM to 7:20 PM,4.8,Architectural marvel.; Highly spiritual experience.,Free entry; donations accepted.,,
Guruvayur Temple,Thrissur,"A major pilgrimage site dedicated to Lord Krishna, known for its spiritual significance.",Religious / Cultural,October to February,3:00 AM to 9:15 PM,4.7,A serene and sacred place.; Divine experience.,Free entry; donations accepted.,,
Parambikulam Wildlife Sanctuary,Palakkad,"A biodiversity hotspot with rich flora and fauna, perfect for wildlife enthusiasts.",Wildlife / Nature,November to March,7:00 AM to 6:00 PM,4.6,Amazing wildlife experience.; Well-preserved sanctuary.,"₹50 per adult (Indian), ₹200 per adult (foreigner).",,
Banasura Sagar Dam,Wayanad,"One of the largest earthen dams in India, surrounded by beautiful hills and a popular picnic spot.",Nature / Scenic,September to May,9:00 AM to 5:00 PM,4.5,Picturesque location.; Ideal for family outings and picnics.,₹10 per adult.,,
Chottanikkara Temple,Ernakulam,"A famous Hindu temple dedicated to the goddess Bhagavathy, known for its healing powers.",Religious / Cultural,October to March,4:00 AM to 8:45 PM,4.6,Spiritually uplifting experience.; Well-maintained temple.,Free entry; donations accepted.,,
Thommankuthu Waterfalls,Idukki,"A seven-step waterfall offering a scenic and serene environment, perfect for nature lovers.",Nature / Waterfall,September to February,8:00 AM to 5:00 PM,4.5,Beautiful and peaceful spot.; Great for a day trip.,₹10 per adult.,,
Hill Palace Museum,Ernakulam,"The largest archaeological museum in Kerala, showcasing royal artifacts and history.",Historical / Cultural,October to March,9:00 AM to 5:00 PM,4.5,Rich in history and culture.; Well-maintained exhibits.,₹30 per adult.,,
Malampuzha Dam,Palakkad,"A scenic dam with beautiful gardens, a rock garden, and a ropeway, ideal for family outings.",Nature / Leisure,October to March,10:00 AM to 6:00 PM,4.4,Great place for a family outing.; Beautiful gardens and views.,₹25 per adult.,,
Pookode Lake,Wayanad,"A natural freshwater lake surrounded by lush greenery, offering boating and scenic views.",Nature / Leisure,September to May,9:00 AM to 5:00 PM,4.5,Serene and picturesque location.; Ideal for boating and picnics.,₹20 per adult.,,
Kozhikode Beach,Kozhikode,"A popular beach known for its stunning sunsets, piers, and seafood shacks.",Beach / Leisure,October to March,Open 24 hours,4.4,Great for an evening stroll.; Delicious seafood available.,Entry is free.,,
Thrissur Zoo and State Museum,Thrissur,A well-maintained zoo and museum showcasing a variety of animals and historical artifacts.,Wildlife / Educational,October to March,10:00 AM to 5:15 PM,4.3,Informative and fun outing.; Good collection of animals and exhibits.,₹10 per adult.,,
Neyyar Wildlife Sanctuary,Thiruvananthapuram,"A wildlife sanctuary offering boating, lion safari, and trekking opportunities.",Wildlife / Adventure,October to March,8:00 AM to 5:00 PM,4.4,Great for wildlife spotting and adventure activities.; Beautiful scenery.,₹250 per adult for lion safari.,,
Munroe Island,Kollam,"An island formed by the backwaters, known for its scenic beauty and traditional village life.",Nature / Cultural,October to March,Open 24 hours,4.5,Serene and beautiful island.; Great for experiencing local culture.,Entry is free; boat rides vary in cost.,,
Kappad Beach,Kozhikode,"A historic beach where Vasco da Gama first landed in India, offering a tranquil environment.",Beach / Historical,October to March,Open 24 hours,4.4,Historical significance and beautiful beach.; Peaceful and less crowded.,Entry is free.,,
Chimmony Wildlife Sanctuary,Thrissur,A lesser-known wildlife sanctuary offering trekking and wildlife spotting opportunities.,Wildlife / Adventure,November to March,7:00 AM to 6:00 PM,4.3,Great for trekking and bird watching.; Peaceful environment.,₹10 per adult.,,
Kumarakom,Alappuzha,"A cluster of small islands on Vembanad Lake, known for its backwaters and bird sanctuary.",Nature / Leisure,November to February,Open 24 hours,4.6,Beautiful backwaters and bird watching.; Ideal for a peaceful retreat.,Entry is free; houseboat rentals vary.,,
Aranmula,Pathanamthitta,A heritage village known for its traditional boat race and mirror making.,Cultural / Traditional,August to September (Boat Race),Open 24 hours,4.5,Rich in culture and traditions.; Fascinating boat race experience.,Entry is free.,,
Veli Tourist Village,Thiruvananthapuram,"A popular picnic spot with a beautiful lake, gardens, and boat rides.",Nature / Leisure,October to March,8:00 AM to 6:00 PM,4.3,Great for a family outing.; Beautiful and well-maintained.,₹20 per adult.,,
Vazhachal Waterfalls,Thrissur,"A scenic waterfall located close to Athirappilly, offering a peaceful environment.",Nature / Waterfall,September to January,8:00 AM to 6:00 PM,4.5,Beautiful and less crowded than Athirappilly.; Peaceful spot.,₹30 per adult.,,
Thenmala,Pathanamthitta,"India's first planned eco-tourism destination, offering a variety of activities like trekking, boating, and a musical fountain.",Eco-tourism / Adventure,November to February,9:00 AM to 5:00 PM,4.4,Great for eco-tourism and adventure activities.; Beautiful location.,Entry fees vary by activity.,,
Chinnar Wildlife Sanctuary,Idukki,"A wildlife sanctuary known for its diverse flora and fauna, and the presence of endangered species.",Wildlife / Nature,November to February,6:00 AM to 6:00 PM,4.5,Rich biodiversity and great for wildlife enthusiasts.; Scenic trekking trails.,₹15 per adult.,,
Kollam Beach,Kollam,"A beautiful beach with a lighthouse and a children's park, perfect for a relaxing day out.",Beach / Leisure,October to March,Open 24 hours,4.3,Clean beach and well-maintained park.; Great for a family outing.,Entry is free.,,
Kaladi,Ernakulam,"The birthplace of Adi Shankaracharya, a renowned philosopher and theologian, featuring a temple and Advaita Ashram.",Cultural / Religious,October to March,5:00 AM to 8:00 PM,4.6,Spiritually significant and peaceful place.; Well-maintained ashram.,Free entry; donations accepted.,,
Vandiperiyar,Idukki,"A town surrounded by tea, coffee, and spice plantations, offering beautiful scenery and a peaceful environment.",Nature / Leisure,September to March,Open 24 hours,4.3,Scenic and serene environment.; Great for nature walks and plantation tours.,Entry is free.,,
Kumarakom Beach,Kumarakom,"A tranquil beach located close to the bird sanctuary, ideal for relaxation and enjoying nature.",Beach / Leisure,November to February,Open 24 hours,4.4,Peaceful and less crowded beach.; Great for a quiet retreat.,Entry is free.,,
Peechi Dam,Thrissur,A scenic dam offering boating and beautiful views of the surrounding hills and forests.,Nature / Leisure,October to March,8:00 AM to 6:00 PM,4.3,Beautiful location and great for boating.; Peaceful and scenic.,₹10 per adult.,,
Palaruvi Waterfalls,Kollam,"A picturesque waterfall located in the dense forests of Kollam, known for its medicinal properties.",Nature / Waterfall,June to January,8:00 AM to 4:00 PM,4.4,Beautiful waterfall and serene environment.; Great for a day trip.,₹25 per adult.,,
Kochi,Ernakulam,"A major port city known for its blend of modernity and tradition, featuring attractions like Marine Drive, Hill Palace, and Fort Kochi.",City / Cultural,October to March,Open 24 hours,4.6,Vibrant city with a mix of culture and modernity.; Plenty of attractions to explore.,Entry fees vary by attraction.,,
Thattekad Bird Sanctuary,Ernakulam,"Also known as the Salim Ali Bird Sanctuary, it is a haven for bird watchers and nature lovers.",Wildlife / Nature,November to February,6:00 AM to 6:00 PM,4.5,Great spot for bird watching.; Peaceful and scenic.,₹20 per adult.,,
Vythiri,Wayanad,"A picturesque hill station known for its forests, coffee plantations, and treehouse accommodations.",Nature / Leisure,October to May,Open 24 hours,4.6,Beautiful hill station with unique treehouse stays.; Great for a relaxing vacation.,Entry is free; accommodation costs vary.,,
Kannur Beach,Kannur,"A serene beach known for its pristine sands and quiet environment, ideal for relaxation.",Beach / Leisure,October to March,Open 24 hours,4.3,Peaceful and less crowded beach.; Great for a quiet retreat.,Entry is free.,,
Soochipara Falls,Wayanad,"A three-tiered waterfall located in the dense forests of Wayanad, ideal for trekking and nature lovers.",Nature / Waterfall,September to February,8:00 AM to 5:30 PM,4.5,Beautiful waterfall in a natural setting.; Worth the trek.,₹50 per adult.,,
Alleppey Beach,Alappuzha,"A popular beach known for its picturesque sunsets, lighthouse, and entertainment facilities.",Beach / Leisure,October to March,Open 24 hours,4.4,Great for an evening stroll.; Beautiful sunsets and clean beach.,Entry is free.,,
Nilambur,Malappuram,"Known for its teak plantations, wildlife sanctuaries, and beautiful landscapes.",Nature / Leisure,October to March,Open 24 hours,4.4,Beautiful and lush green environment.; Great for nature walks.,Entry is free.,,
Valiyaparamba Backwaters,Kasaragod,A scenic backwater destination perfect for houseboat cruises and enjoying Kerala's natural beauty.,Nature / Leisure,November to February,Open 24 hours,4.5,Beautiful and serene backwaters.; Ideal for houseboat rides.,Houseboat rentals vary in cost.,,
Neyyar Dam,Thiruvananthapuram,"A popular picnic spot with a beautiful dam, boating facilities, and a wildlife sanctuary.",Nature / Leisure,October to March,8:00 AM to 6:00 PM,4.4,Great for a family outing.; Beautiful views and boating available.,₹10 per adult.,,
Achankovil,Pathanamthitta,"A picturesque village known for its temples and beautiful landscapes, offering a peaceful retreat.",Nature / Cultural,October to March,Open 24 hours,4.3,Scenic and peaceful environment.; Great for a spiritual retreat.,Entry is free.,,
Attukal Waterfalls,Idukki,"A beautiful waterfall located amidst lush greenery, ideal for nature lovers and picnics.",Nature / Waterfall,September to February,8:00 AM to 6:00 PM,4.5,Beautiful and serene spot.; Great for a day trip.,Entry is free.,,
Beypore Beach,Kozhikode,A historic beach known for its shipbuilding yard and beautiful sunsets.,Beach / Historical,October to March,Open 24 hours,4.3,Peaceful beach with historical significance.; Ideal for an evening stroll.,Entry is free.,,
Vellarimala,Wayanad,"A scenic hill station known for its trekking trails, waterfalls, and lush green landscapes.",Nature / Adventure,September to February,Open 24 hours,4.5,Beautiful and challenging trekking trails.; Great for adventure seekers.,Entry is free; trekking guides may cost extra.,,
Punnathur Kotta,Guruvayur,"An elephant sanctuary located near the Guruvayur Temple, home to around 60 elephants.",Wildlife / Cultural,October to March,9:00 AM to 5:00 PM,4.4,Amazing experience seeing so many elephants.; Well-maintained sanctuary.,₹10 per adult.,,
Arakkal Museum,Kannur,"A museum showcasing the history and heritage of the Arakkal family, the only Muslim royal family in Kerala.",Historical / Cultural,October to March,10:00 AM to 5:00 PM,4.3,Rich in history and culture.; Fascinating exhibits.,₹10 per adult.,,
Cherai Beach,Kochi,"A picturesque beach known for its golden sands, clean waters, and water sports.",Beach / Leisure,October to March,Open 24 hours,4.5,Beautiful and clean beach.; Great for swimming and water sports.,Entry is free; water sports may cost extra.,,
Mayyazhi,Mahe,"A small town known for its French colonial heritage, serene beaches, and St. Teresa's Shrine.",Historical / Cultural,October to March,Open 24 hours,4.4,Charming town with French influence.; Peaceful and scenic.,Entry is free.,,
Kodanad Elephant Training Centre,Ernakulam,"A center for training elephants, offering visitors a chance to see elephants up close and learn about their care.",Wildlife / Educational,October to March,8:00 AM to 5:00 PM,4.4,Amazing experience seeing elephants.; Educational and fun.,₹10 per adult.,,
Palakkad Fort,Palakkad,"A well-preserved fort with historical significance and beautiful architecture, surrounded by a moat and garden.",Historical / Cultural,October to March,8:00 AM to 6:00 PM,4.4,Rich in history and well-maintained.; Great for history buffs.,Entry is free.,,
Meenkunnu Beach,Kannur,A serene and less crowded beach ideal for relaxing and enjoying the natural beauty.,Beach / Leisure,October to March,Open 24 hours,4.3,Peaceful and scenic beach.; Great for a quiet retreat.,Entry is free.,,
Idukki Arch Dam,Idukki,"One of the highest arch dams in Asia, offering stunning views and a peaceful environment.",Nature / Scenic,September to May,9:30 AM to 5:00 PM,4.5,Amazing views from the top.; Great engineering marvel.,₹20 per adult.,,
Malampuzha Gardens,Palakkad,"A beautifully landscaped garden with a rock garden, fish-shaped aquarium, and a ropeway.",Nature / Leisure,October to March,9:00 AM to 6:00 PM,4.4,Great for a family outing.; Beautifully maintained gardens.,₹10 per adult.,,
Valapattanam,Kannur,"A small town known for its timber industry and beautiful river views, offering boat rides.",Nature / Cultural,October to March,Open 24 hours,4.3,Scenic river views and peaceful environment.; Great for a relaxing day out.,Entry is free; boat rides vary in cost.,,
Chimmini Wildlife Sanctuary,Thrissur,A lesser-known wildlife sanctuary offering trekking and wildlife spotting opportunities.,Wildlife / Adventure,November to March,7:00 AM to 6:00 PM,4.3,Great for trekking and bird watching.; Peaceful environment.,₹10 per adult.,,
Aruvikkara Dam,Thiruvananthapuram,"A scenic dam located on the Karamana River, known for its beautiful surroundings and peaceful environment.",Nature / Leisure,October to March,9:00 AM to 5:00 PM,4.3,Beautiful location and peaceful environment.; Ideal for a day trip.,Entry is free.,,
Edava Beach,Varkala,"A pristine and less crowded beach near Varkala, ideal for relaxation and enjoying the natural beauty.",Beach / Leisure,October to March,Open 24 hours,4.4,Peaceful and scenic beach.; Great for a quiet retreat.,Entry is free.,,
Kottayam,Kottayam,"A town known for its beautiful landscapes, rubber plantations, and rich cultural heritage.",Nature / Cultural,October to March,Open 24 hours,4.4,Scenic and culturally rich town.; Great for exploring nature and heritage.,Entry is free.,,
Azhikkal Beach,Kannur,"A serene beach known for its stunning sunsets and tranquil environment, perfect for a relaxing day out.",Beach / Leisure,October to March,Open 24 hours,4.3,Beautiful and peaceful beach.; Ideal for an evening stroll.,Entry is free.,,
Alappuzha Beach,Alappuzha,"A popular beach known for its picturesque sunsets, lighthouse, and entertainment facilities.",Beach / Leisure,October to March,Open 24 hours,4.4,Great for an evening stroll.; Beautiful sunsets and clean beach.,Entry is free.,,
Mararikulam Beach,Alappuzha,"A tranquil beach located close to Alleppey, known for its serene environment and natural beauty.",Beach / Leisure,October to March,Open 24 hours,4.5,Peaceful and less crowded beach.; Great for a relaxing day out.,Entry is free.,,
Kumarakom Backwaters,Kottayam,"Famous for its backwater tourism and houseboat cruises, offering scenic views and a peaceful environment.",Nature / Leisure,November to February,Open 24 hours,4.7,Beautiful and serene backwaters.; Ideal for houseboat rides and relaxation.,Houseboat rentals vary in cost.,,
Peechi-Vazhani Wildlife Sanctuary,Thrissur,"A wildlife sanctuary known for its rich flora and fauna, and beautiful landscapes.",Wildlife / Nature,October to March,7:00 AM to 6:00 PM,4.4,Great for nature walks and wildlife spotting.; Peaceful and scenic.,₹10 per adult.,,
Parunthumpara,Idukki,"A scenic viewpoint offering panoramic views of the surrounding hills and valleys, ideal for nature lovers.",Nature / Scenic,September to February,Open 24 hours,4.5,Stunning views and peaceful environment.; Great for photography.,Entry is free.,,
Gavi,Pathanamthitta,"A forested area known for its wildlife, trekking trails, and eco-tourism activities.",Nature / Adventure,October to March,6:00 AM to 6:00 PM,4.6,Beautiful and serene environment.; Great for trekking and nature walks.,Entry fees vary.,,
Aralam Wildlife Sanctuary,Kannur,"A wildlife sanctuary offering a variety of flora and fauna, trekking trails, and a peaceful environment.",Wildlife / Adventure,November to February,7:00 AM to 6:00 PM,4.4,Rich biodiversity and scenic trails.; Great for wildlife enthusiasts.,₹15 per adult.,,
Jatayu Earth's Center,Chadayamangalam,A unique park featuring the world's largest bird sculpture and adventure activities like rock climbing and zip-lining.,Adventure / Cultural,October to March,9:00 AM to 5:00 PM,4.6,Amazing sculpture and fun activities.; Great for a day trip.,₹400 per adult.,,
Napier Museum,Thiruvananthapuram,An art and natural history museum known for its unique architecture and rich collection of artifacts.,Historical / Cultural,October to March,10:00 AM to 4:45 PM,4.5,Great collection of artifacts and beautiful building.; Informative and well-maintained.,₹20 per adult.,,
Priyadarshini Planetarium,Thiruvananthapuram,"A planetarium offering educational shows about astronomy and space science, great for kids and adults.",Educational / Scientific,October to March,10:00 AM to 5:00 PM,4.4,Informative and fun shows.; Great for kids and space enthusiasts.,₹50 per adult.,,
Beypore Port,Kozhikode,A historic port known for its traditional shipbuilding industry and scenic views.,Historical / Cultural,October to March,Open 24 hours,4.3,Interesting to see traditional shipbuilding.; Beautiful and historic location.,Entry is free.,,
Thirunelli Temple,Wayanad,"An ancient temple nestled in the Brahmagiri hills, known for its spiritual significance and scenic surroundings.",Religious / Cultural,October to March,5:30 AM to 12:00 PM,4.6,Spiritually uplifting and peaceful place.; Beautiful location in the hills.,Entry is free.,,
Chavakkad Beach,Thrissur,"A beautiful beach known for its cleanliness and tranquil environment, perfect for a relaxing day out.",Beach / Leisure,October to March,Open 24 hours,4.4,Clean and peaceful beach.; Great for a family outing.,Entry is free.,,
Wayanad Wildlife Sanctuary,Wayanad,"A protected area known for its rich biodiversity, offering wildlife safaris and nature walks.",Wildlife / Adventure,November to February,7:00 AM to 6:00 PM,4.5,Great for wildlife spotting and nature walks.; Beautiful and diverse flora and fauna.,₹110 per adult for safari.,,
Thangassery Light House,Kollam,An ancient lighthouse offering panoramic views of the Arabian Sea and the surrounding area.,Historical / Scenic,October to March,10:00 AM to 5:00 PM,4.4,Amazing views from the top.; Historical and well-maintained lighthouse.,₹20 per adult.,,
Ashtamudi Lake,Kollam,"A scenic lake known for its houseboat cruises and beautiful landscapes, perfect for a peaceful getaway.",Nature / Leisure,October to March,Open 24 hours,4.6,Beautiful and serene lake.; Great for houseboat rides and relaxation.,Houseboat rentals vary in cost.,,
Shanghumukham Beach,Thiruvananthapuram,"A popular beach known for its beautiful sunsets, large mermaid sculpture, and nearby attractions like the Veli Tourist Village.",Beach / Leisure,October to March,Open 24 hours,4.4,Beautiful sunsets and clean beach.; Great for an evening stroll.,Entry is free.,,
Madayipara,Kannur,"A scenic hillock known for its unique flora, ancient temples, and stunning views of the surrounding landscape.",Nature / Historical,October to March,Open 24 hours,4.4,Beautiful and peaceful location.; Rich in history and biodiversity.,Entry is free.,,
Kottathavalam,Idukki,"A scenic cave located in the Kurisumala hills, known for its ancient carvings and panoramic views.",Nature / Historical,October to March,7:00 AM to 6:00 PM,4.5,Fascinating carvings and beautiful views.; Great for a day trip.,Entry is free.,,
Periyar National Park,Idukki,"A well-known wildlife sanctuary offering boat safaris, trekking, and rich biodiversity.",Wildlife / Adventure,October to March,6:00 AM to 6:00 PM,4.6,Great for wildlife spotting and nature walks.; Beautiful and well-maintained park.,₹45 per adult for entry; additional charges for safaris.,,
Pathiramanal Island,Alappuzha,"A small, scenic island in Vembanad Lake, known for its bird watching opportunities and tranquil environment.",Nature / Leisure,October to March,Open 24 hours,4.4,Beautiful and peaceful island.; Great for a relaxing day out.,Entry is free.,,
Parassinikkadavu Snake Park,Kannur,"A unique park dedicated to snakes and other reptiles, offering educational and thrilling experiences.",Wildlife / Educational,October to March,9:00 AM to 5:30 PM,4.3,Interesting and educational park.; Great variety of reptiles.,₹30 per adult.,,
Muthanga Wildlife Sanctuary,Wayanad,"A wildlife sanctuary known for its elephant population and rich biodiversity, offering safaris and nature walks.",Wildlife / Adventure,November to February,7:00 AM to 6:00 PM,4.4,Great for wildlife spotting and safaris.; Beautiful natural environment.,₹110 per adult for safari.,,
Ponmudi Hill Station,Thiruvananthapuram,"A scenic hill station with winding pathways and lush green surroundings, perfect for trekking and nature walks.",Nature / Leisure,October to March,Open 24 hours,4.5,Beautiful hill station with stunning views.; Great for trekking and nature walks.,Entry is free.,,
